Type,Count,Mean,Min,Max,Std
provisioned - single,329,5064.112462,3920,6665,725.919448
provisioned - raid,329,4633.194529,4201,6834,257.051264
local - single,329,4314.054711,3934,6190,477.686048
standard - single,329,4153.395137,3685,5926,474.582996
standard - raid,329,3962.848024,3625,6565,271.051197
,,,,,
,,,,,
,,,,,
,,,,,
,,,,,
,,,,,
,,,,,
,,,,,
,,,,,
,,,,,
,,,3500,7000,
