{
  "layer": "block_rast1-small",
  "datatype": "int32", 
  "type": "arg",
  "xmin": 0.000000,
  "xmax": 256.000000,
  "ymin": 0.000000,
  "ymax": 256.000000,
  "cols": 256,
  "rows": 256,
  "cellwidth": 1.000000,
  "cellheight": 1.000000,
  "epsg": 3785,
  "yskew": 0.0,
  "xskew": 0.0
}