{
  "layer": "block_rast1-big",
  "datatype": "int32", 
  "type": "arg",
  "xmin": 0.000000,
  "xmax": 2560.000000,
  "ymin": 0.000000,
  "ymax": 2560.000000,
  "cols": 2560,
  "rows": 2560,
  "cellwidth": 1.000000,
  "cellheight": 1.000000,
  "epsg": 3785,
  "yskew": 0.0,
  "xskew": 0.0
}