{
  "layer": "block_rast2-med",
  "datatype": "int32", 
  "type": "arg",
  "xmin": 0.000000,
  "xmax": 1408.000000,
  "ymin": 0.000000,
  "ymax": 1408.000000,
  "cols": 1408,
  "rows": 1408,
  "cellwidth": 1.000000,
  "cellheight": 1.000000,
  "epsg": 3785,
  "yskew": 0.0,
  "xskew": 0.0
}